,vid,video_path,en_srt,zh_srt,age,gender,interests,level,备注,Unnamed: 9,Unnamed: 10,Unnamed: 11,Unnamed: 12,Unnamed: 13,Unnamed: 14,Unnamed: 15,Unnamed: 16,Unnamed: 17,Unnamed: 18,Unnamed: 19,Unnamed: 20
0,1,Video_Finished\1\1_CE.mp4,Video_Finished\1\1_English.srt,Video_Finished\1\1_Chinese.srt,k12,"male, female","Movies & TV, Love & Relationships",B1,,,,,,,,,,,,,
1,2,Video_Finished\2\2_CE.mp4,Video_Finished\2\2_English.srt,Video_Finished\2\2_Chinese.srt,"k12, adult",male,"Sports, Humor",B1,,,,,,,,,,,,,
2,3,Video_Finished\3\3_CE.mp4,Video_Finished\3\3_English.srt,Video_Finished\3\3_Chinese.srt,"prek, k12","male, female","DIY & Crafts, Education",A2,,,,,,,,,,,,,
3,4,Video_Finished\4\4_CE.mp4,Video_Finished\4\4_English.srt,Video_Finished\4\4_Chinese.srt,"k12, adult",famale,"Movies & TV, Psychology, Beauty",B1,,,,,,,,,,,,,
4,5,Video_Finished\5\5_CE.mp4,Video_Finished\5\5_English.srt,Video_Finished\5\5_Chinese.srt,"k12, adult","male, female",Art,B1,,,,,,,,,,,,,
5,6,Video_Finished\6\6_CE.mp4,Video_Finished\6\6_English.srt,Video_Finished\6\6_Chinese.srt,"prek, k12, adult","male, female","Movies & TV, Humor",B1,,,,,,,,,,,,,
6,7,Video_Finished\7\7_CE.mp4,Video_Finished\7\7_English.srt,Video_Finished\7\7_Chinese.srt,"k12, adult","male, female","Movies & TV, Humor, Thriller",B1,,,,,,,,,,,,,
7,8,Video_Finished\8\8_CE.mp4,Video_Finished\8\8_English.srt,Video_Finished\8\8_Chinese.srt,"prek, k12, adult","male, female","Technology, Movies & TV",A2,,,,,,,,,,,,,
8,9,Video_Finished\9\9_CE.mp4,Video_Finished\9\9_English.srt,Video_Finished\9\9_Chinese.srt,"k12, adult","male, female","Education, Psychology",B1,,,,,,,,,,,,,
9,10,Video_Finished\10\10_CE.mp4,Video_Finished\10\10_English.srt,Video_Finished\10\10_Chinese.srt,adult,"male, female",News & Politics,B1,,,,,,,,,,,,,
10,11,Video_Finished\11\11_CE.mp4,Video_Finished\11\11_English.srt,Video_Finished\11\11_Chinese.srt,adult,male,News & Politics,B2,,,,,,,,,,,,,
11,12,Video_Finished\12\12_CE.mp4,Video_Finished\12\12_English.srt,Video_Finished\12\12_Chinese.srt,"k12, adult","male, female",Sports,B1,,,,,,,,,,,,,
12,13,Video_Finished\13\13_CE.mp4,Video_Finished\13\13_English.srt,Video_Finished\13\13_Chinese.srt,"prek, adult",famale,"Comedy, Sports",B1,,,,,,,,,,,,,
13,14,Video_Finished\14\14_CE.mp4,Video_Finished\14\14_English.srt,Video_Finished\14\14_Chinese.srt,"k12, adult","male, female","Comedy, Humor",B1,,,,,,,,,,,,,
14,15,Video_Finished\15\15_CE.mp4,Video_Finished\15\15_English.srt,Video_Finished\15\15_Chinese.srt,adult,male,"Sports, Entertainment",B1,,,,,,,,,,,,,
15,16,Video_Finished\16\16_CE.mp4,Video_Finished\16\16_English.srt,Video_Finished\16\16_Chinese.srt,"prek, k12, adult","male, female","Nature, Education",B1,,,,,,,,,,,,,
16,17,Video_Finished\17\17_CE.mp4,Video_Finished\17\17_English.srt,Video_Finished\17\17_Chinese.srt,"prek, k12",male,"Technology, Humor",B1,,,,,,,,,,,,,
17,18,Video_Finished\18\18_CE.mp4,Video_Finished\18\18_English.srt,Video_Finished\18\18_Chinese.srt,"prek, k12, adult","male, female","Nature, Education, Pets",B1,字幕返工,,,,,,,,,,,,
18,19,Video_Finished\19\19_CE.mp4,Video_Finished\19\19_English.srt,Video_Finished\19\19_Chinese.srt,"prek, k12, adult","male, female","Nature, Education, Pets",B1,字幕返工,,,,,,,,,,,,
19,20,Video_Finished\20\20_CE.mp4,Video_Finished\20\20_English.srt,Video_Finished\20\20_Chinese.srt,adult,"male, female","News & Politics, Pets",B1,字幕返工,,,,,,,,,,,,
20,21,Video_Finished\21\21_CE.mp4,Video_Finished\21\21_English.srt,Video_Finished\21\21_Chinese.srt,prek,"male, female",Comedy,A2,,,,,,,,,,,,,
21,22,Video_Finished\22\22_CE.mp4,Video_Finished\22\22_English.srt,Video_Finished\22\22_Chinese.srt,"prek, k12, adult","male, female","Pets, Education",B1,,,,,,,,,,,,,
22,23,Video_Finished\23\23_CE.mp4,Video_Finished\23\23_English.srt,Video_Finished\23\23_Chinese.srt,adult,famale,"Humor, Love & Relationships",A2,,,,,,,,,,,,,
23,24,Video_Finished\24\24_CE.mp4,Video_Finished\24\24_English.srt,Video_Finished\24\24_Chinese.srt,"prek, k12, adult","male, female",Pets,A2,,,,,,,,,,,,,
24,25,Video_Finished\25\25_CE.mp4,Video_Finished\25\25_English.srt,Video_Finished\25\25_Chinese.srt,"k12, adult","male, female","Comedy, Humor, Love & Relationships",A2,,,,,,,,,,,,,
25,26,Video_Finished\26\26_CE.mp4,Video_Finished\26\26_English.srt,Video_Finished\26\26_Chinese.srt,"prek, k12, adult","male, female",Art,B1,,,,,,,,,,,,,
26,27,Video_Finished\27\27_CE.mp4,Video_Finished\27\27_English.srt,Video_Finished\27\27_Chinese.srt,"prek, k12, adult","male, female","Food, Humor",A2,,,,,,,,,,,,,
27,28,Video_Finished\28\28_CE.mp4,Video_Finished\28\28_English.srt,Video_Finished\28\28_Chinese.srt,"k12, adult","male, female","Comedy, Humor",A2,,,,,,,,,,,,,
28,29,Video_Finished\29\29_CE.mp4,Video_Finished\29\29_English.srt,Video_Finished\29\29_Chinese.srt,"prek, k12, adult","male, female",Music,A1,,,,,,,,,,,,,
29,30,Video_Finished\30\30_CE.mp4,Video_Finished\30\30_English.srt,Video_Finished\30\30_Chinese.srt,"prek, k12, adult","male, female","Comedy, Pets",A2,,,,,,,,,,,,,
30,31,Video_Finished\31\31_CE.mp4,Video_Finished\31\31_English.srt,Video_Finished\31\31_Chinese.srt,"prek, k12, adult",male,"Entertainment, Movies & TV",B1,,,,,,,,,,,,,
31,32,Video_Finished\32\32_CE.mp4,Video_Finished\32\32_English.srt,Video_Finished\32\32_Chinese.srt,"prek, k12, adult","male, female","Art, Entertainment",B1,,,,,,,,,,,,,
32,33,Video_Finished\33\33_CE.mp4,Video_Finished\33\33_English.srt,Video_Finished\33\33_Chinese.srt,adult,"male, female",News & Politics,B2,,,,,,,,,,,,,
33,34,Video_Finished\34\34_CE.mp4,Video_Finished\34\34_English.srt,Video_Finished\34\34_Chinese.srt,"k12, adult",male,"Entertainment, Sports",B1,,,,,,,,,,,,,
34,35,Video_Finished\35\35_CE.mp4,Video_Finished\35\35_English.srt,Video_Finished\35\35_Chinese.srt,adult,male,"News & Politics, Technology",B1,,,,,,,,,,,,,
35,36,Video_Finished\36\36_CE.mp4,Video_Finished\36\36_English.srt,Video_Finished\36\36_Chinese.srt,"prek, k12, adult","male, female","Entertainment, Travel, News & Politics",B1,,,,,,,,,,,,,
36,37,Video_Finished\37\37_CE.mp4,Video_Finished\37\37_English.srt,Video_Finished\37\37_Chinese.srt,"k12, adult",male,"Technology, Travel, News & Politics",B1,,,,,,,,,,,,,
37,38,Video_Finished\38\38_CE.mp4,Video_Finished\38\38_English.srt,Video_Finished\38\38_Chinese.srt,"k12, adult",male,"Technology, Education",B1,,,,,,,,,,,,,
38,39,Video_Finished\39\39_CE.mp4,Video_Finished\39\39_English.srt,Video_Finished\39\39_Chinese.srt,"k12, adult",male,"Technology, Education, Science",B2,,,,,,,,,,,,,
39,40,Video_Finished\40\40_CE.mp4,Video_Finished\40\40_English.srt,Video_Finished\40\40_Chinese.srt,"k12, adult","male, female",Fitness,B1,,,,,,,,,,,,,
40,41,Video_Finished\41\41_CE.mp4,Video_Finished\41\41_English.srt,Video_Finished\41\41_Chinese.srt, adult,"male, female","Entertainment, Humor",A2,,,,,,,,,,,,,
41,42,Video_Finished\42\42_CE.mp4,Video_Finished\42\42_English.srt,Video_Finished\42\42_Chinese.srt, adult,"male, female","Entertainment, Humor",B1,,,,,,,,,,,,,
42,43,Video_Finished\43\43_CE.mp4,Video_Finished\43\43_English.srt,Video_Finished\43\43_Chinese.srt,"prek, k12, adult","male, female","Comedy, Pets",B1,,,,,,,,,,,,,
43,44,Video_Finished\44\44_CE.mp4,Video_Finished\44\44_English.srt,Video_Finished\44\44_Chinese.srt,"prek, k12, adult","male, female","Comedy, Pets",A2,,,,,,,,,,,,,
44,45,Video_Finished\45\45_CE.mp4,Video_Finished\45\45_English.srt,Video_Finished\45\45_Chinese.srt,"prek, k12, adult","male, female","Comedy, Pets",B1,,,,,,,,,,,,,
45,46,Video_Finished\46\46_CE.mp4,Video_Finished\46\46_English.srt,Video_Finished\46\46_Chinese.srt,"prek, k12, adult","male, female","Comedy, Pets",A2,,,,,,,,,,,,,
46,47,Video_Finished\47\47_CE.mp4,Video_Finished\47\47_English.srt,Video_Finished\47\47_Chinese.srt,"prek, k12, adult","male, female","Comedy, Pets",A1,,,,,,,,,,,,,
47,48,Video_Finished\48\48_CE.mp4,Video_Finished\48\48_English.srt,Video_Finished\48\48_Chinese.srt,"prek, k12, adult","male, female","Comedy, Humor, Fitness, Sports",A2,,,,,,,,,,,,,
48,49,Video_Finished\49\49_CE.mp4,Video_Finished\49\49_English.srt,Video_Finished\49\49_Chinese.srt,"prek, k12, adult","male, female","Comedy, Humor, Home & Garden, Love & Relationships",A2,,,,,,,,,,,,,
49,50,Video_Finished\50\50_CE.mp4,Video_Finished\50\50_English.srt,Video_Finished\50\50_Chinese.srt,"prek, k12, adult","male, female","Comedy, Humor",A2,,,,,,,,,,,,,
50,51,Video_Finished\51\51_CE.mp4,Video_Finished\51\51_English.srt,Video_Finished\51\51_Chinese.srt,"prek, k12, adult","male, female","Nature, Sports",B1,,,,,,,,,,,,,
51,52,Video_Finished\52\52_CE.mp4,Video_Finished\52\52_English.srt,Video_Finished\52\52_Chinese.srt,"k12, adult","male, female","Science, Thriller",B1,,,,,,,,,,,,,
52,53,Video_Finished\53\53_CE.mp4,Video_Finished\53\53_English.srt,Video_Finished\53\53_Chinese.srt,"k12, adult","male, female","Comedy, Humor,Love & Relationships",B1,有阿拉伯语,,,,,,,,,,,,
53,54,Video_Finished\54\54_CE.mp4,Video_Finished\54\54_English.srt,Video_Finished\54\54_Chinese.srt,"prek, k12, adult","male, female", Pets,B1,有阿拉伯语,,,,,,,,,,,,
54,55,Video_Finished\55\55_CE.mp4,Video_Finished\55\55_English.srt,Video_Finished\55\55_Chinese.srt,"prek, k12, adult","male, female","Comedy, Humor, Nature",B1,有阿拉伯语,,,,,,,,,,,,
55,56,Video_Finished\56\56_CE.mp4,Video_Finished\56\56_English.srt,Video_Finished\56\56_Chinese.srt,"prek, k12","male, female","Comedy, Humor",A2,有阿拉伯语,,,,,,,,,,,,
56,57,Video_Finished\57\57_CE.mp4,Video_Finished\57\57_English.srt,Video_Finished\57\57_Chinese.srt,"k12, adult","male, female","Comedy, Pets",A2,有阿拉伯语,,,,,,,,,,,,
57,58,Video_Finished\58\58_CE.mp4,Video_Finished\58\58_English.srt,Video_Finished\58\58_Chinese.srt,adult,"male, female","Comedy, Humor, Culture",B1,有阿拉伯语,,,,,,,,,,,,
58,59,Video_Finished\59\59_CE.mp4,Video_Finished\59\59_English.srt,Video_Finished\59\59_Chinese.srt,prek,"male, female","Nature, Science",B1,有阿拉伯语,,,,,,,,,,,,
59,60,Video_Finished\60\60_CE.mp4,Video_Finished\60\60_English.srt,Video_Finished\60\60_Chinese.srt,adult,"male, female","Comedy, Movies & TV, Pets",B1,有阿拉伯语,,,,,,,,,,,,
60,61,Video_Finished\61\61_CE.mp4,Video_Finished\61\61_English.srt,Video_Finished\61\61_Chinese.srt,adult,female,Love & Relationships,A2,,,,,,,,,,,,,
61,62,Video_Finished\62\62_CE.mp4,Video_Finished\62\62_English.srt,Video_Finished\62\62_Chinese.srt,adult,"male, female","Culture, Movies & TV",B1,,,,,,,,,,,,,
62,63,Video_Finished\63\63_CE.mp4,Video_Finished\63\63_English.srt,Video_Finished\63\63_Chinese.srt,"k12, adult","male, female","Comedy, Cooking, Home & Garden",A2,,,,,,,,,,,,,
63,64,Video_Finished\64\64_CE.mp4,Video_Finished\64\64_English.srt,Video_Finished\64\64_Chinese.srt,"prek, k12", female,"DIY & Crafts, Art, Education",B1,,,,,,,,,,,,,
64,65,Video_Finished\65\65_CE.mp4,Video_Finished\65\65_English.srt,Video_Finished\65\65_Chinese.srt,"k12, adult","male, female","Comedy, Humor, Pets",A1,,,,,,,,,,,,,
65,66,Video_Finished\66\66_CE.mp4,Video_Finished\66\66_English.srt,Video_Finished\66\66_Chinese.srt,"k12, adult","male, female","Comedy, Humor, Art",A2,,,,,,,,,,,,,
66,67,Video_Finished\67\67_CE.mp4,Video_Finished\67\67_English.srt,Video_Finished\67\67_Chinese.srt,adult,"male, female","Comedy, Humor, Movies & TV",B1,,,,,,,,,,,,,
67,68,Video_Finished\68\68_CE.mp4,Video_Finished\68\68_English.srt,Video_Finished\68\68_Chinese.srt,adult, female,"Beauty, Thriller",B1,,,,,,,,,,,,,
68,69,Video_Finished\69\69_CE.mp4,Video_Finished\69\69_English.srt,Video_Finished\69\69_Chinese.srt,adult,"male, female","Comedy, Culture",A2,,,,,,,,,,,,,
69,70,Video_Finished\70\70_CE.mp4,Video_Finished\70\70_English.srt,Video_Finished\70\70_Chinese.srt,prek,female,"dance, education, music",A2,,,,,,,,,,,,,
70,71,Video_Finished\71\71_CE.mp4,Video_Finished\71\71_English.srt,Video_Finished\71\71_Chinese.srt,"k12, adult","male, female","Comedy, Pets, Humor",B1,,,,,,,,,,,,,
71,72,Video_Finished\72\72_CE.mp4,Video_Finished\72\72_English.srt,Video_Finished\72\72_Chinese.srt,adult,"male, female","Comedy, News & Politics",B2,,,,,,,,,,,,,
72,73,Video_Finished\73\73_CE.mp4,Video_Finished\73\73_English.srt,Video_Finished\73\73_Chinese.srt,"k12, adult","male, female","Comedy, Food, Movies & TV, Humor",A2,,,,,,,,,,,,,
73,74,Video_Finished\74\74_CE.mp4,Video_Finished\74\74_English.srt,Video_Finished\74\74_Chinese.srt,"k12, adult","male, female","Comedy, Food, Humor, Love & Relationships",B1,,,,,,,,,,,,,
74,75,Video_Finished\75\75_CE.mp4,Video_Finished\75\75_English.srt,Video_Finished\75\75_Chinese.srt,k12,"male, female",Education,A2,,,,,,,,,,,,,
75,76,Video_Finished\76\76_CE.mp4,Video_Finished\76\76_English.srt,Video_Finished\76\76_Chinese.srt,"k12, adult","male, female",Education,B1,,,,,,,,,,,,,
76,77,Video_Finished\77\77_CE.mp4,Video_Finished\77\77_English.srt,Video_Finished\77\77_Chinese.srt,"prek, k12, adult","male, female","Pets, Fitness, Home & Garden",B1,,,,,,,,,,,,,
77,78,Video_Finished\78\78_CE.mp4,Video_Finished\78\78_English.srt,Video_Finished\78\78_Chinese.srt,"k12, adult","male, female","Comedy, Humor",B1,,,,,,,,,,,,,
78,79,Video_Finished\79\79_CE.mp4,Video_Finished\79\79_English.srt,Video_Finished\79\79_Chinese.srt,"prek, k12, adult","male, female","Comedy, Humor",A2,,,,,,,,,,,,,
79,80,Video_Finished\80\80_CE.mp4,Video_Finished\80\80_English.srt,Video_Finished\80\80_Chinese.srt,"k12, adult","male, female","Comedy, Humor, Love & Relationships",A2,,,,,,,,,,,,,
80,81,Video_Finished\81\81_CE.mp4,Video_Finished\81\81_English.srt,Video_Finished\81\81_Chinese.srt,"k12, adult","male, female","Comedy, Education, Humor",B1,,,,,,,,,,,,,
81,82,Video_Finished\82\82_CE.mp4,Video_Finished\82\82_English.srt,Video_Finished\82\82_Chinese.srt,"k12, adult","male, female","Travel, Entertainment, Nature",B1,,,,,,,,,,,,,
82,83,Video_Finished\83\83_CE.mp4,Video_Finished\83\83_English.srt,Video_Finished\83\83_Chinese.srt,"k12, adult","male, female","Comedy, Humor, Love & Relationships",A2,,,,,,,,,,,,,
83,84,Video_Finished\84\84_CE.mp4,Video_Finished\84\84_English.srt,Video_Finished\84\84_Chinese.srt,"prek, k12, adult","male, female","Sports, Fitness, Entertainment",A2,,,,,,,,,,,,,
84,85,Video_Finished\85\85_CE.mp4,Video_Finished\85\85_English.srt,Video_Finished\85\85_Chinese.srt,"prek, k12, adult","male, female","Comedy, Pets, Humor, Entertainment",A2,,,,,,,,,,,,,
85,86,Video_Finished\86\86_CE.mp4,Video_Finished\86\86_English.srt,Video_Finished\86\86_Chinese.srt,"k12, adult","male, female",Entertainment,B1,,,,,,,,,,,,,
86,87,Video_Finished\87\87_CE.mp4,Video_Finished\87\87_English.srt,Video_Finished\87\87_Chinese.srt,"k12, adult","male, female","Comedy, Humor",B1,,,,,,,,,,,,,
87,88,Video_Finished\88\88_CE.mp4,Video_Finished\88\88_English.srt,Video_Finished\88\88_Chinese.srt,"k12, adult","male, female","Comedy, Humor, Love & Relationships, Entertainment",B1,,,,,,,,,,,,,
88,89,Video_Finished\89\89_CE.mp4,Video_Finished\89\89_English.srt,Video_Finished\89\89_Chinese.srt,adult,"male, female","Food, DIY & Crafts, Entertainment",B1,,,,,,,,,,,,,
89,90,Video_Finished\90\90_CE.mp4,Video_Finished\90\90_English.srt,Video_Finished\90\90_Chinese.srt,adult,"male, female","Food, DIY & Crafts, Entertainment",B2,,,,,,,,,,,,,
90,91,Video_Finished\91\91_CE.mp4,Video_Finished\91\91_English.srt,Video_Finished\91\91_Chinese.srt,"k12, adult","male, female","Comedy, Education, Humor, Entertainment",B1,,,,,,,,,,,,,
91,92,Video_Finished\92\92_CE.mp4,Video_Finished\92\92_English.srt,Video_Finished\92\92_Chinese.srt,"k12, adult","male, female","Education, Love & Relationships, Entertainment",B1,,,,,,,,,,,,,
92,93,Video_Finished\93\93_CE.mp4,Video_Finished\93\93_English.srt,Video_Finished\93\93_Chinese.srt,"prek, k12","male, female","Education, Entertainment",A2,,,,,,,,,,,,,
93,94,Video_Finished\94\94_CE.mp4,Video_Finished\94\94_English.srt,Video_Finished\94\94_Chinese.srt,"k12, adult","male, female",Travel,B1,,,,,,,,,,,,,
94,95,Video_Finished\95\95_CE.mp4,Video_Finished\95\95_English.srt,Video_Finished\95\95_Chinese.srt,adult,"male, female","Education, Entertainment, Science",B1,,,,,,,,,,,,,
95,96,Video_Finished\96\96_CE.mp4,Video_Finished\96\96_English.srt,Video_Finished\96\96_Chinese.srt,adult,"male, female","Education, Entertainment, Science",B2,,,,,,,,,,,,,
96,97,Video_Finished\97\97_CE.mp4,Video_Finished\97\97_English.srt,Video_Finished\97\97_Chinese.srt,"k12, adult","male, female","Comedy, Humor, Thriller, Entertainment",B1,,,,,,,,,,,,,
97,98,Video_Finished\98\98_CE.mp4,Video_Finished\98\98_English.srt,Video_Finished\98\98_Chinese.srt,adult,"male, female","Education, Entertainment, Science",B1,,,,,,,,,,,,,
98,99,Video_Finished\99\99_CE.mp4,Video_Finished\99\99_English.srt,Video_Finished\99\99_Chinese.srt,adult,"male, female","DIY & Crafts, Home & Garden",B1,,,,,,,,,,,,,
99,100,Video_Finished\100\100_CE.mp4,Video_Finished\100\100_English.srt,Video_Finished\100\100_Chinese.srt,"k12, adult","male, female","Sports, Thriller, Entertainment",B1,,,,,,,,,,,,,
100,101,Video_Finished\101\101_CE.mp4,Video_Finished\101\101_English.srt,Video_Finished\101\101_Chinese.srt,"k12, adult","male, female","Art, Entertainment",B1,,,,,,,,,,,,,
101,102,Video_Finished\102\102_CE.mp4,Video_Finished\102\102_English.srt,Video_Finished\102\102_Chinese.srt,adult,"male, female","Entertainment, Science",C1,,,,,,,,,,,,,
102,103,Video_Finished\103\103_CE.mp4,Video_Finished\103\103_English.srt,Video_Finished\103\103_Chinese.srt,"k12, adult","male, female","Education, Entertainment, Science",B1,,,,,,,,,,,,,
103,104,Video_Finished\104\104_CE.mp4,Video_Finished\104\104_English.srt,Video_Finished\104\104_Chinese.srt,"prek, k12, adult","male, female",Comedy,A2,,,,,,,,,,,,,
104,105,Video_Finished\105\105_CE.mp4,Video_Finished\105\105_English.srt,Video_Finished\105\105_Chinese.srt,"k12, adult","male, female","Pets, Home & Garden, Love & Relationships, Entertainment",B1,,,,,,,,,,,,,
105,106,Video_Finished\106\106_CE.mp4,Video_Finished\106\106_English.srt,Video_Finished\106\106_Chinese.srt,"prek, k12, adult","male, female","Dance, Thriller, Entertainment",B1,,,,,,,,,,,,,
106,107,Video_Finished\107\107_CE.mp4,Video_Finished\107\107_English.srt,Video_Finished\107\107_Chinese.srt,"k12, adult","male, female",Education,B1,,,,,,,,,,,,,
107,108,Video_Finished\108\108_CE.mp4,Video_Finished\108\108_English.srt,Video_Finished\108\108_Chinese.srt,"k12, adult","male, female",Pets,B1,,,,,,,,,,,,,
108,109,Video_Finished\109\109_CE.mp4,Video_Finished\109\109_English.srt,Video_Finished\109\109_Chinese.srt,adult,"male, female","Thriller, Entertainment, Love & Relationships",B1,,,,,,,,,,,,,
109,110,Video_Finished\110\110_CE.mp4,Video_Finished\110\110_English.srt,Video_Finished\110\110_Chinese.srt,"k12, adult","male, female","Home & Garden, DIY & Crafts, Lifestyle",B1,,,,,,,,,,,,,
110,111,Video_Finished\111\111_CE.mp4,Video_Finished\111\111_English.srt,Video_Finished\111\111_Chinese.srt,adult,"male, female","Humor, Love & Relationships",B1,,,,,,,,,,,,,
111,112,Video_Finished\112\112_CE.mp4,Video_Finished\112\112_English.srt,Video_Finished\112\112_Chinese.srt,adult,"male, female","Humor, Love & Relationships, Home & Garden",A2,,,,,,,,,,,,,
112,113,Video_Finished\113\113_CE.mp4,Video_Finished\113\113_English.srt,Video_Finished\113\113_Chinese.srt,adult,"male, female","Sports, Thriller",A2,,,,,,,,,,,,,
113,114,Video_Finished\114\114_CE.mp4,Video_Finished\114\114_English.srt,Video_Finished\114\114_Chinese.srt,"prek, k12, adult","male, female",Pets,A2,,,,,,,,,,,,,
114,115,Video_Finished\115\115_CE.mp4,Video_Finished\115\115_English.srt,Video_Finished\115\115_Chinese.srt,"prek, k12, adult","male, female","Comedy, Pets",A2,,,,,,,,,,,,,
115,116,Video_Finished\116\116_CE.mp4,Video_Finished\116\116_English.srt,Video_Finished\116\116_Chinese.srt,"k12, adult","male, female","Comedy, Food",B1,,,,,,,,,,,,,
116,117,Video_Finished\117\117_CE.mp4,Video_Finished\117\117_English.srt,Video_Finished\117\117_Chinese.srt,adult,"male, female","Comedy, Beauty",B1,,,,,,,,,,,,,
117,118,Video_Finished\118\118_CE.mp4,Video_Finished\118\118_English.srt,Video_Finished\118\118_Chinese.srt,"k12, adult","male, female","Art, DIY & Crafts",B1,,,,,,,,,,,,,
118,119,Video_Finished\119\119_CE.mp4,Video_Finished\119\119_English.srt,Video_Finished\119\119_Chinese.srt,"k12, adult","male, female","Music, Art",B1,,,,,,,,,,,,,
119,120,Video_Finished\120\120_CE.mp4,Video_Finished\120\120_English.srt,Video_Finished\120\120_Chinese.srt,"k12, adult","male, female","Art, DIY & Crafts",B1,,,,,,,,,,,,,
120,121,Video_Finished\121\121_CE.mp4,Video_Finished\121\121_English.srt,Video_Finished\121\121_Chinese.srt,"prek, k12, adult","male, female","Pets, Home & Garden, Education",A2,,,,,,,,,,,,,
121,122,Video_Finished\122\122_CE.mp4,Video_Finished\122\122_English.srt,Video_Finished\122\122_Chinese.srt,"k12, adult","male, female","Culture, Comedy",A2,,,,,,,,,,,,,
122,123,Video_Finished\123\123_CE.mp4,Video_Finished\123\123_English.srt,Video_Finished\123\123_Chinese.srt,"k12, adult","male, female","Education, Culture, Language",B1,,,,,,,,,,,,,
123,124,Video_Finished\124\124_CE.mp4,Video_Finished\124\124_English.srt,Video_Finished\124\124_Chinese.srt,k12,"male, female","Education, Comedy",A2,,,,,,,,,,,,,
124,125,Video_Finished\125\125_CE.mp4,Video_Finished\125\125_English.srt,Video_Finished\125\125_Chinese.srt,adult,"male, female","Comedy, Science",B1,,,,,,,,,,,,,
125,126,Video_Finished\126\126_CE.mp4,Video_Finished\126\126_English.srt,Video_Finished\126\126_Chinese.srt,"k12, adult","male, female","Love & Relationships, DIY & Crafts",B1,,,,,,,,,,,,,
126,127,Video_Finished\127\127_CE.mp4,Video_Finished\127\127_English.srt,Video_Finished\127\127_Chinese.srt,"prek, k12, adult","male, female","Food, Comedy, Entertainment",B1,,,,,,,,,,,,,
127,128,Video_Finished\128\128_CE.mp4,Video_Finished\128\128_English.srt,Video_Finished\128\128_Chinese.srt,"k12, adult","male, female","DIY & Crafts, Gaming, Home",B1,,,,,,,,,,,,,
128,129,Video_Finished\129\129_CE.mp4,Video_Finished\129\129_English.srt,Video_Finished\129\129_Chinese.srt,"k12, adult","male, female","Cars & Vehicles, Technology, Science ",B2,,,,,,,,,,,,,
129,130,Video_Finished\130\130_CE.mp4,Video_Finished\130\130_English.srt,Video_Finished\130\130_Chinese.srt,"prek, k12, adult","male, female",Cars & Vehicles,A2,,,,,,,,,,,,,
130,131,Video_Finished\131\131_CE.mp4,Video_Finished\131\131_English.srt,Video_Finished\131\131_Chinese.srt,"k12, adult","male, female","Humor, Entertainment, Movies & TV",B1,,,,,,,,,,,,,
131,132,Video_Finished\132\132_CE.mp4,Video_Finished\132\132_English.srt,Video_Finished\132\132_Chinese.srt,"k12, adult","male, female","Science, Education, Entertainment",B1,,,,,,,,,,,,,
132,133,Video_Finished\133\133_CE.mp4,Video_Finished\133\133_English.srt,Video_Finished\133\133_Chinese.srt,"prek, k12, adult","male, female","Education, Technology",A1,,,,,,,,,,,,,
133,134,Video_Finished\134\134_CE.mp4,Video_Finished\134\134_English.srt,Video_Finished\134\134_Chinese.srt,"k12, adult","male, female","DIY & Crafts, Home & Garden",B1,,,,,,,,,,,,,
134,135,Video_Finished\135\135_CE.mp4,Video_Finished\135\135_English.srt,Video_Finished\135\135_Chinese.srt,"k12, adult","male, female","Love & Relationships, Humor",B1,,,,,,,,,,,,,
135,136,Video_Finished\136\136_CE.mp4,Video_Finished\136\136_English.srt,Video_Finished\136\136_Chinese.srt,"k12, adult","male, female","Science, Nature, Thriller",B2,,,,,,,,,,,,,
136,137,Video_Finished\137\137_CE.mp4,Video_Finished\137\137_English.srt,Video_Finished\137\137_Chinese.srt,"k12, adult","male, female","Cars & Vehicles, Technology, DIY & Crafts, Entertainment",A2,,,,,,,,,,,,,
137,138,Video_Finished\138\138_CE.mp4,Video_Finished\138\138_English.srt,Video_Finished\138\138_Chinese.srt,"prek, k12, adult","male, female","Cars & Vehicles, Technology, Entertainment, DIY & Crafts",B1,,,,,,,,,,,,,
138,139,Video_Finished\139\139_CE.mp4,Video_Finished\139\139_English.srt,Video_Finished\139\139_Chinese.srt,"k12, adult","male, female","Travel, Humor, Culture, Lifestyle",B1,,,,,,,,,,,,,
139,140,Video_Finished\140\140_CE.mp4,Video_Finished\140\140_English.srt,Video_Finished\140\140_Chinese.srt,"k12, adult","male, female","Science, Education, Technology, Nature",B1,,,,,,,,,,,,,
140,141,Video_Finished\141\141_CE.mp4,Video_Finished\141\141_English.srt,Video_Finished\141\141_Chinese.srt,"k12, adult","male, female","Education, Thriller, Entertainment",B1,,,,,,,,,,,,,
141,142,Video_Finished\142\142_CE.mp4,Video_Finished\142\142_English.srt,Video_Finished\142\142_Chinese.srt,adult,"male, female","Comedy, Pets, News & Politics, Humor",B1,,,,,,,,,,,,,
142,143,Video_Finished\143\143_CE.mp4,Video_Finished\143\143_English.srt,Video_Finished\143\143_Chinese.srt,"k12, adult","male, female","Beauty, Fashion, Entertainment",B1,,,,,,,,,,,,,
143,144,Video_Finished\144\144_CE.mp4,Video_Finished\144\144_English.srt,Video_Finished\144\144_Chinese.srt,"k12, adult","male, female","DIY & Crafts, Home & Garden",A2,,,,,,,,,,,,,
144,145,Video_Finished\145\145_CE.mp4,Video_Finished\145\145_English.srt,Video_Finished\145\145_Chinese.srt,adult,"male, female","Travel, Entertainment",B1,,,,,,,,,,,,,
145,146,Video_Finished\146\146_CE.mp4,Video_Finished\146\146_English.srt,Video_Finished\146\146_Chinese.srt,"k12, adult","male, female"," Love & Relationships, Psychology",B2,,,,,,,,,,,,,
146,147,Video_Finished\147\147_CE.mp4,Video_Finished\147\147_English.srt,Video_Finished\147\147_Chinese.srt,"prek, k12, adult","male, female","Pets, Entertainment, Nature, Science",B1,,,,,,,,,,,,,
147,148,Video_Finished\148\148_CE.mp4,Video_Finished\148\148_English.srt,Video_Finished\148\148_Chinese.srt,"k12, adult","male, female","Love & Relationships, Psychology",B1,,,,,,,,,,,,,
148,149,Video_Finished\149\149_CE.mp4,Video_Finished\149\149_English.srt,Video_Finished\149\149_Chinese.srt,"k12, adult","male, female",Food,B1,,,,,,,,,,,,,
149,150,Video_Finished\150\150_CE.mp4,Video_Finished\150\150_English.srt,Video_Finished\150\150_Chinese.srt,"prek, k12, adult","male, female","Food, Psychology, Entertainment",A2,,,,,,,,,,,,,
150,151,Video_Finished\151\151_CE.mp4,Video_Finished\151\151_English.srt,Video_Finished\151\151_Chinese.srt,"k12, adult","male, female","Education, Entertainment, Science",B1,,,,,,,,,,,,,
151,152,Video_Finished\152\152_CE.mp4,Video_Finished\152\152_English.srt,Video_Finished\152\152_Chinese.srt,"k12, adult","male, female","Gaming, Entertainment",B1,,,,,,,,,,,,,
152,153,Video_Finished\153\153_CE.mp4,Video_Finished\153\153_English.srt,Video_Finished\153\153_Chinese.srt,"prek, k12, adult","male, female","Music, Thriller, Entertainment",A2,,,,,,,,,,,,,
153,154,Video_Finished\154\154_CE.mp4,Video_Finished\154\154_English.srt,Video_Finished\154\154_Chinese.srt,"k12, adult","male, female","Gaming, Entertainment",B1,,,,,,,,,,,,,
154,155,Video_Finished\155\155_CE.mp4,Video_Finished\155\155_English.srt,Video_Finished\155\155_Chinese.srt,"prek, k12, adult","male, female","Comedy, Gaming, Humor",A2,,,,,,,,,,,,,
155,156,Video_Finished\156\156_CE.mp4,Video_Finished\156\156_English.srt,Video_Finished\156\156_Chinese.srt,"prek, k12, adult","male, female","Gaming, Entertainment",B1,,,,,,,,,,,,,
156,157,Video_Finished\157\157_CE.mp4,Video_Finished\157\157_English.srt,Video_Finished\157\157_Chinese.srt,"k12, adult","male, female","Travel, Entertainment",B1,,,,,,,,,,,,,
157,158,Video_Finished\158\158_CE.mp4,Video_Finished\158\158_English.srt,Video_Finished\158\158_Chinese.srt,"k12, adult","male, female","Travel, Nature",B1,,,,,,,,,,,,,
158,159,Video_Finished\159\159_CE.mp4,Video_Finished\159\159_English.srt,Video_Finished\159\159_Chinese.srt,adult,"male, female","Travel, Nature",B1,,,,,,,,,,,,,
159,160,Video_Finished\160\160_CE.mp4,Video_Finished\160\160_English.srt,Video_Finished\160\160_Chinese.srt,"k12, adult",female,Beauty,A2,,,,,,,,,,,,,
160,161,Video_Finished\161\161_CE.mp4,Video_Finished\161\161_English.srt,Video_Finished\161\161_Chinese.srt,"k12, adult",female,"Fashion, Beauty",B1,,,,,,,,,,,,,
161,162,Video_Finished\162\162_CE.mp4,Video_Finished\162\162_English.srt,Video_Finished\162\162_Chinese.srt,"k12, adult","male, female","Humor, Entertainment, Family",B1,,,,,,,,,,,,,
162,163,Video_Finished\163\163_CE.mp4,Video_Finished\163\163_English.srt,Video_Finished\163\163_Chinese.srt,adult,female,"Fashion, Beauty",B1,,,,,,,,,,,,,
163,164,Video_Finished\164\164_CE.mp4,Video_Finished\164\164_English.srt,Video_Finished\164\164_Chinese.srt,"k12, adult","male, female","Comedy, Fashion, Beauty, Humor, Love & Relationships",A2,,,,,,,,,,,,,
164,165,Video_Finished\165\165_CE.mp4,Video_Finished\165\165_English.srt,Video_Finished\165\165_Chinese.srt,adult,"male, female","Fashion, Beauty",A2,,,,,,,,,,,,,
165,166,Video_Finished\166\166_CE.mp4,Video_Finished\166\166_English.srt,Video_Finished\166\166_Chinese.srt,adult,female,"Fashion, Beauty",B1,,,,,,,,,,,,,
166,167,Video_Finished\167\167_CE.mp4,Video_Finished\167\167_English.srt,Video_Finished\167\167_Chinese.srt,"k12, adult","male, female","Education, Entertainment, Nature, Science",B2,,,,,,,,,,,,,
167,168,Video_Finished\168\168_CE.mp4,Video_Finished\168\168_English.srt,Video_Finished\168\168_Chinese.srt,adult,"male, female","DIY & Crafts, Cars & Vehicles",B1,,,,,,,,,,,,,
168,169,Video_Finished\169\169_CE.mp4,Video_Finished\169\169_English.srt,Video_Finished\169\169_Chinese.srt,adult,"male, female","Fashion, Beauty",B1,,,,,,,,,,,,,
169,170,Video_Finished\170\170_CE.mp4,Video_Finished\170\170_English.srt,Video_Finished\170\170_Chinese.srt,adult,female,"Fashion, Beauty",B1,,,,,,,,,,,,,
170,171,Video_Finished\171\171_CE.mp4,Video_Finished\171\171_English.srt,Video_Finished\171\171_Chinese.srt,adult,"male, female","Comedy, Culture, Entertainment, Love & Relationships",B1,,,,,,,,,,,,,
171,172,Video_Finished\172\172_CE.mp4,Video_Finished\172\172_English.srt,Video_Finished\172\172_Chinese.srt,adult,"male, female","Comedy, Family & Parenting, Psychology, Humor",B1,,,,,,,,,,,,,
172,173,Video_Finished\173\173_CE.mp4,Video_Finished\173\173_English.srt,Video_Finished\173\173_Chinese.srt,"k12, adult","male, female","History, Education, Science, Nature",B1,,,,,,,,,,,,,
173,174,Video_Finished\174\174_CE.mp4,Video_Finished\174\174_English.srt,Video_Finished\174\174_Chinese.srt,"k12, adult","male, female","Education, Science, Technology, Entertainment",B1,,,,,,,,,,,,,
174,175,Video_Finished\175\175_CE.mp4,Video_Finished\175\175_English.srt,Video_Finished\175\175_Chinese.srt,"k12, adult","male, female","Love & Relationships, Psychology",B1,,,,,,,,,,,,,
175,176,Video_Finished\176\176_CE.mp4,Video_Finished\176\176_English.srt,Video_Finished\176\176_Chinese.srt,"k12, adult","male, female","Philosophy/Psychology, Travel, Nature",B1,,,,,,,,,,,,,
176,177,Video_Finished\177\177_CE.mp4,Video_Finished\177\177_English.srt,Video_Finished\177\177_Chinese.srt,adult,"male, female","Love & Relationships, Motivation/Inspiration",B1,,,,,,,,,,,,,
177,178,Video_Finished\178\178_CE.mp4,Video_Finished\178\178_English.srt,Video_Finished\178\178_Chinese.srt,adult,"male, female","Marriage, Psychology",C1,,,,,,,,,,,,,
178,179,Video_Finished\179\179_CE.mp4,Video_Finished\179\179_English.srt,Video_Finished\179\179_Chinese.srt,"k12, adult","male, female","Entertainment, Social Media",B1,,,,,,,,,,,,,
179,180,Video_Finished\180\180_CE.mp4,Video_Finished\180\180_English.srt,Video_Finished\180\180_Chinese.srt,"k12, adult","male, female","Travel, Adventure, Lifestyle",B1,,,,,,,,,,,,,
180,181,Video_Finished\181\181_CE.mp4,Video_Finished\181\181_English.srt,Video_Finished\181\181_Chinese.srt,"k12, adult","male, female",Technology,B1,,,,,,,,,,,,,
181,182,Video_Finished\182\182_CE.mp4,Video_Finished\182\182_English.srt,Video_Finished\182\182_Chinese.srt,adult,"male, female","Cars & Vehicles, Technology",A2,,,,,,,,,,,,,
182,183,Video_Finished\183\183_CE.mp4,Video_Finished\183\183_English.srt,Video_Finished\183\183_Chinese.srt,"k12, adult","male, female","Comedy, Sports, Movies & TV, Humor",B1,,,,,,,,,,,,,
183,184,Video_Finished\184\184_CE.mp4,Video_Finished\184\184_English.srt,Video_Finished\184\184_Chinese.srt,adult,"male, female",Cars & Vehicles,A2,,,,,,,,,,,,,
184,185,Video_Finished\185\185_CE.mp4,Video_Finished\185\185_English.srt,Video_Finished\185\185_Chinese.srt,"k12, adult","male, female","Pets, Love & Relationships,",B1,,,,,,,,,,,,,
185,186,Video_Finished\186\186_CE.mp4,Video_Finished\186\186_English.srt,Video_Finished\186\186_Chinese.srt,adult,"male, female","Cars & Vehicles, Technology",B1,,,,,,,,,,,,,
186,187,Video_Finished\187\187_CE.mp4,Video_Finished\187\187_English.srt,Video_Finished\187\187_Chinese.srt,"k12, adult","male, female","DIY & Crafts, Entertainment",B1,,,,,,,,,,,,,
187,188,Video_Finished\188\188_CE.mp4,Video_Finished\188\188_English.srt,Video_Finished\188\188_Chinese.srt,adult,"male, female","Comedy, Humor, Love & Relationships, Entertainment",A2,,,,,,,,,,,,,
188,189,Video_Finished\189\189_CE.mp4,Video_Finished\189\189_English.srt,Video_Finished\189\189_Chinese.srt,adult,"male, female","Cars & Vehicles, Psychology, Entertainment",B2,,,,,,,,,,,,,
189,190,Video_Finished\190\190_CE.mp4,Video_Finished\190\190_English.srt,Video_Finished\190\190_Chinese.srt,adult,"male, female",Cars & Vehicles,A2,,,,,,,,,,,,,
190,191,Video_Finished\191\191_CE.mp4,Video_Finished\191\191_English.srt,Video_Finished\191\191_Chinese.srt,adult,"male, female","Comedy, Humor, Love & Relationships, Entertainment",B1,,,,,,,,,,,,,
191,192,Video_Finished\192\192_CE.mp4,Video_Finished\192\192_English.srt,Video_Finished\192\192_Chinese.srt,"k12, adult","male, female",Technology,B1,,,,,,,,,,,,,
192,193,Video_Finished\193\193_CE.mp4,Video_Finished\193\193_English.srt,Video_Finished\193\193_Chinese.srt,"k12, adult","male, female",Technology,B1,,,,,,,,,,,,,
193,194,Video_Finished\194\194_CE.mp4,Video_Finished\194\194_English.srt,Video_Finished\194\194_Chinese.srt,"k12, adult","male, female","Thriller, Entertainment",A2,,,,,,,,,,,,,
194,195,Video_Finished\195\195_CE.mp4,Video_Finished\195\195_English.srt,Video_Finished\195\195_Chinese.srt,"k12, adult","male, female","DIY & Crafts, Entertainment",B1,,,,,,,,,,,,,
195,196,Video_Finished\196\196_CE.mp4,Video_Finished\196\196_English.srt,Video_Finished\196\196_Chinese.srt,adult,"male, female","Comedy, Humor, Love & Relationships, Entertainment",B1,,,,,,,,,,,,,
196,197,Video_Finished\197\197_CE.mp4,Video_Finished\197\197_English.srt,Video_Finished\197\197_Chinese.srt,adult,"male, female","Education, Cars & Vehicles, Technology, Entertainment, Science",B1,,,,,,,,,,,,,
197,198,Video_Finished\198\198_CE.mp4,Video_Finished\198\198_English.srt,Video_Finished\198\198_Chinese.srt,"k12, adult","male, female",Technology,B1,,,,,,,,,,,,,
198,199,Video_Finished\199\199_CE.mp4,Video_Finished\199\199_English.srt,Video_Finished\199\199_Chinese.srt,"k12, adult","male, female",Technology,B1,,,,,,,,,,,,,
199,200,Video_Finished\200\200_CE.mp4,Video_Finished\200\200_English.srt,Video_Finished\200\200_Chinese.srt,"k12, adult","male, female",Technology,B1,,,,,,,,,,,,,
200,201,Video_Finished\201\201_CE.mp4,Video_Finished\201\201_English.srt,Video_Finished\201\201_Chinese.srt,"k12, adult","male, female","Education, Entertainment, Language",B1,,,,,,,,,,,,,
201,202,Video_Finished\202\202_CE.mp4,Video_Finished\202\202_English.srt,Video_Finished\202\202_Chinese.srt,adult,"male, female",Cars & Vehicles,B1,,,,,,,,,,,,,
202,203,Video_Finished\203\203_CE.mp4,Video_Finished\203\203_English.srt,Video_Finished\203\203_Chinese.srt,"k12, adult","male, female","Food, DIY & Crafts, Movies & TV, Entertainment",B1,,,,,,,,,,,,,
203,204,Video_Finished\204\204_CE.mp4,Video_Finished\204\204_English.srt,Video_Finished\204\204_Chinese.srt,"k12, adult","male, female","Pets, Nature",B1,,,,,,,,,,,,,
204,205,Video_Finished\205\205_CE.mp4,Video_Finished\205\205_English.srt,Video_Finished\205\205_Chinese.srt,adult,"male, female",DIY & Crafts,B1,,,,,,,,,,,,,
205,206,Video_Finished\206\206_CE.mp4,Video_Finished\206\206_English.srt,Video_Finished\206\206_Chinese.srt,adult,"male, female","Cars & Vehicles, Technology",B1,,,,,,,,,,,,,
206,207,Video_Finished\207\207_CE.mp4,Video_Finished\207\207_English.srt,Video_Finished\207\207_Chinese.srt,adult,"male, female","Comedy, Food, Humor, Love & Relationships",A2,,,,,,,,,,,,,
207,208,Video_Finished\208\208_CE.mp4,Video_Finished\208\208_English.srt,Video_Finished\208\208_Chinese.srt,"k12, adult","male, female","Movies & TV, Entertainment",A2,,,,,,,,,,,,,
208,209,Video_Finished\209\209_CE.mp4,Video_Finished\209\209_English.srt,Video_Finished\209\209_Chinese.srt,adult,"male, female","Comedy, Travel, Movies & TV, Humor, Entertainment, Language",B1,,,,,,,,,,,,,
209,210,Video_Finished\210\210_CE.mp4,Video_Finished\210\210_English.srt,Video_Finished\210\210_Chinese.srt,"k12, adult","male, female","Comedy, Travel, Movies & TV, Humor, Entertainment, Language",B1,,,,,,,,,,,,,
